{"cameraMode":{"drawMode":0,"name":"Shaded","section":"Shading Mode"},"sceneLighting":true,"audioPlay":false,"sceneViewState":{"m_AlwaysRefresh":false,"showFog":true,"showSkybox":true,"showFlares":true,"showImageEffects":true,"showParticleSystems":true,"showVisualEffectGraphs":true,"m_FxEnabled":true},"in2DMode":false,"pivot":{"x":3.826176643371582,"y":9.6482515335083,"z":-1.8780326843261719},"rotation":{"x":0.12676012516021729,"y":0.10394775122404099,"z":-0.013358251191675663,"w":0.9863819479942322},"size":13.364741325378418,"orthographic":false}