{"cameraMode":{"drawMode":0,"name":"Shaded","section":"Shading Mode"},"sceneLighting":false,"audioPlay":false,"sceneViewState":{"showFog":true,"showMaterialUpdate":false,"showSkybox":false,"showFlares":true,"showImageEffects":true,"showParticleSystems":true},"in2DMode":false,"pivot":{"x":-1.1371474266052247,"y":-0.5784481763839722,"z":1.7792935371398926},"rotation":{"x":-0.12586773931980134,"y":0.6273305416107178,"z":-0.10369013994932175,"w":-0.7614898681640625},"size":2.7068240642547609,"orthographic":false}