{"cameraMode":{"drawMode":0,"name":"Shaded","section":"Shading Mode"},"sceneLighting":true,"audioPlay":false,"sceneViewState":{"showFog":true,"showMaterialUpdate":false,"showSkybox":true,"showFlares":true,"showImageEffects":true,"showParticleSystems":true},"in2DMode":false,"pivot":{"x":725.329833984375,"y":157.56695556640626,"z":730.6262817382813},"rotation":{"x":-0.20870253443717957,"y":0.1176164299249649,"z":-0.025291677564382554,"w":-0.9705511331558228},"size":1074.1651611328125,"orthographic":false}