{"cameraMode":{"drawMode":0,"name":"Shaded","section":"Shading Mode"},"sceneLighting":true,"audioPlay":false,"sceneViewState":{"showFog":true,"showMaterialUpdate":false,"showSkybox":true,"showFlares":true,"showImageEffects":true,"showParticleSystems":true},"in2DMode":false,"pivot":{"x":845.080078125,"y":409.118896484375,"z":-110.04899597167969},"rotation":{"x":-0.04328799620270729,"y":-0.15166781842708589,"z":0.0066487425938248638,"w":-0.9874608516693115},"size":304.9873962402344,"orthographic":false}