{"cameraMode":{"drawMode":0,"name":"Shaded","section":"Shading Mode"},"sceneLighting":true,"audioPlay":false,"sceneViewState":{"showFog":true,"showMaterialUpdate":false,"showSkybox":true,"showFlares":true,"showImageEffects":true,"showParticleSystems":true},"in2DMode":false,"pivot":{"x":35.292686462402347,"y":32.00562286376953,"z":-56.9677734375},"rotation":{"x":0.0012970740208402277,"y":-0.9927162528038025,"z":0.01073133759200573,"w":0.1199948862195015},"size":46.046539306640628,"orthographic":false}