{"cameraMode":{"drawMode":0,"name":"Shaded","section":"Shading Mode"},"sceneLighting":true,"audioPlay":false,"sceneViewState":{"showFog":true,"showMaterialUpdate":false,"showSkybox":true,"showFlares":true,"showImageEffects":true,"showParticleSystems":true},"in2DMode":false,"pivot":{"x":42.14003372192383,"y":-85.03118133544922,"z":-116.66505432128906},"rotation":{"x":-0.05022457242012024,"y":-0.942831814289093,"z":0.2842404842376709,"w":-0.16659721732139588},"size":81.46739196777344,"orthographic":false}